{
    "FullName": "Orion Content",
    "OrionVersion": 4,
    "ProjectNames": [
        "myworkspace",
        "Fiz2",
        "ettg",
        "Hello World",
        "b_test files",
        "impress.js",
        "megalint",
        "test",
        "server",
        "CloudOETestBed",
        "Sample HTML5 Site",
        "Snippet",
        "Jazzhub",
        "delegatedUI_testplugin",
        "mamacdon.github.com",
        "org.eclipse.orion.design",
        "z_badfolder",
        "💩",
        "🎃",
        "orion.client"
    ],
    "Properties": {},
    "UniqueId": "mamacdon-OrionContent",
    "UserId": "mamacdon"
}
